,weight
ENSG00000165949,0.3070071723151719
ENSG00000211445,0.24745451129015977
ENSG00000145491,0.24207338535021589
ENSG00000102230,0.24007463541335758
ENSG00000103202,0.2400686851192889
ENSG00000145022,0.22800517563630976
ENSG00000164292,0.2154570989783891
ENSG00000136247,0.2140423847091351
ENSG00000076043,0.21371954291078055
ENSG00000198805,0.18808039138813548
ENSG00000134202,0.18081706953147364
ENSG00000174788,0.171305141156512
ENSG00000131747,0.1705263537381441
ENSG00000066422,0.16724628702982766
ENSG00000148943,0.16152459177296044
ENSG00000185825,0.15857619365935327
ENSG00000148450,0.15708794698570816
ENSG00000100060,0.1545855025840054
ENSG00000069535,0.15088564635184995
ENSG00000009335,0.15038925660949115
ENSG00000093010,0.14602132589176292
ENSG00000235162,0.1409738610410305
ENSG00000135148,0.13673161264010317
ENSG00000135297,0.13481460698097109
ENSG00000127252,0.13388462067788612
ENSG00000243753,0.13352184809252207
ENSG00000113441,0.13039933144679502
ENSG00000008282,0.12841480598386681
ENSG00000108679,0.12789139550614362
ENSG00000102781,0.12719937474950274
ENSG00000010244,0.12651821124961182
ENSG00000161547,0.1263818923277716
ENSG00000198431,0.12602441433127606
ENSG00000143393,0.12563083466391312
ENSG00000182247,0.1196407221991929
ENSG00000145907,0.11874639892945343
ENSG00000255002,0.11819982061423055
ENSG00000205593,0.11579014159862147
ENSG00000188191,0.11284884572195036
ENSG00000136240,0.11018953043823543
ENSG00000198467,0.10637019764914088
ENSG00000040341,0.10542874575676608
ENSG00000149187,0.10491890564702573
ENSG00000021776,0.10342511483042142
ENSG00000115993,0.10003309731247803
ENSG00000156599,0.09983458036632581
ENSG00000115282,0.098900299089299
ENSG00000078589,0.09748263774383495
ENSG00000147364,0.09629246920432841
ENSG00000167721,0.09573141760353956
ENSG00000113013,0.09483733632148611
ENSG00000110492,0.09477047236023059
ENSG00000110665,0.09350673588580738
ENSG00000169410,0.09293339193242929
ENSG00000172466,0.09177387200240343
ENSG00000205268,0.09131182246559541
ENSG00000159374,0.09085554043063718
ENSG00000105254,0.08904416980729479
ENSG00000145936,0.08678880573754018
ENSG00000165775,0.08253363489048834
ENSG00000148634,0.08153543780078962
ENSG00000198873,0.08127657166568941
ENSG00000168538,0.08109219267237523
ENSG00000113407,0.08060494008437952
ENSG00000111875,0.08043292471730784
ENSG00000067955,0.07963308299054017
ENSG00000197771,0.07911768395042336
ENSG00000133884,0.07901454909113084
ENSG00000116473,0.0789514918106033
ENSG00000109445,0.07821253955096669
ENSG00000196730,0.07798904256097818
ENSG00000171603,0.07784116076779397
ENSG00000119632,0.07783035925319402
ENSG00000261236,0.07769653262139303
ENSG00000110048,0.07769340263477897
ENSG00000106211,0.07671259011192998
ENSG00000154727,0.07560100921756759
ENSG00000091140,0.07510202816901497
ENSG00000109775,0.07477362237923958
ENSG00000164305,0.07451919644578879
ENSG00000164163,0.07438539259436551
ENSG00000111371,0.07436804040690728
ENSG00000082512,0.07200056899158522
ENSG00000111602,0.07174416527915643
ENSG00000136536,0.0714860809322276
ENSG00000159335,0.07137267356477207
ENSG00000005436,0.07063119847824902
ENSG00000134717,0.06987137422652392
ENSG00000179715,0.06913389689915414
ENSG00000138246,0.06782929566629955
ENSG00000085721,0.06765499366354993
ENSG00000063978,0.06755929990250427
ENSG00000160446,0.06658696239715796
ENSG00000166311,0.0662778615858287
ENSG00000100219,0.06552184323459938
ENSG00000101096,0.0651904922855099
ENSG00000095002,0.06501426192463503
ENSG00000135249,0.0645231591167193
ENSG00000231131,0.06436154125404048
ENSG00000152061,0.06393330365585827
ENSG00000113648,0.06339349960459136
ENSG00000111817,0.06328892985941818
ENSG00000100519,0.06302635347518533
ENSG00000111727,0.061898657435457055
ENSG00000105220,0.061891026626857956
ENSG00000161204,0.061160016768326705
ENSG00000100722,0.06050278316851655
ENSG00000029725,0.06007201302818211
ENSG00000064703,0.05915659762513484
ENSG00000066654,0.05901978312691084
ENSG00000062485,0.05822597710827319
ENSG00000088387,0.05804021424514617
ENSG00000184708,0.05764483557875225
ENSG00000226756,0.0570446244841661
ENSG00000083520,0.0562213531253158
ENSG00000108387,0.05600960405984684
ENSG00000158062,0.05561732523324923
ENSG00000030066,0.055301034875374126
ENSG00000177697,0.05523483305107899
ENSG00000134987,0.05522867162976232
ENSG00000115896,0.054189158062863285
ENSG00000153214,0.0533259059517787
ENSG00000182048,0.0533228561783065
ENSG00000203485,0.052888054242084696
ENSG00000213551,0.05248482877561723
ENSG00000167984,0.05229137128077081
ENSG00000124207,0.05219071860877813
ENSG00000004487,0.05212785973567251
ENSG00000197860,0.05104398040665179
ENSG00000137225,0.04971836476308238
ENSG00000275052,0.04954692907934123
ENSG00000134198,0.049459198074917096
ENSG00000196365,0.04931512363738159
ENSG00000108578,0.048867217093537835
ENSG00000198771,0.048686245946046314
ENSG00000101335,0.048053608017264576
ENSG00000115421,0.04788203077374553
ENSG00000172845,0.047669248727359
ENSG00000124275,0.04668093064594951
ENSG00000130935,0.04661743577544209
ENSG00000198162,0.04655747757532707
ENSG00000117868,0.04651171256773665
ENSG00000117505,0.0459975995955865
ENSG00000100292,0.04599691936025456
ENSG00000102974,0.04456399943533556
ENSG00000103876,0.044436389487979074
ENSG00000096968,0.044006070935074366
ENSG00000168036,0.04399063082405342
ENSG00000125149,0.04352783616021633
ENSG00000110958,0.04337313353827416
ENSG00000133606,0.042610707483032875
ENSG00000117280,0.04253183158791976
ENSG00000077147,0.04247083551529544
ENSG00000185033,0.042229800885803345
ENSG00000149243,0.041822267346132744
ENSG00000163564,0.04139370063193839
ENSG00000163539,0.0410011620845477
ENSG00000088035,0.040826882283355403
ENSG00000185324,0.040777514029433366
ENSG00000116809,0.04062612619399003
ENSG00000060688,0.04057350714736841
ENSG00000126247,0.04035071415284332
ENSG00000153140,0.040054327972337544
ENSG00000002586,0.03928319886424669
ENSG00000072786,0.03867458911595155
ENSG00000115415,0.03864709318054097
ENSG00000198825,0.0383185383813692
ENSG00000144736,0.03710097028871294
ENSG00000123505,0.037040293174076415
ENSG00000166912,0.036812325720095365
ENSG00000035681,0.03580420618775321
ENSG00000100227,0.035693990881441214
ENSG00000101811,0.035639857628147434
ENSG00000050130,0.03547352001991312
ENSG00000204371,0.035188531058195326
ENSG00000143093,0.03487955730065959
ENSG00000100347,0.034470698877182966
ENSG00000131725,0.03407304947577109
ENSG00000181744,0.03395720848638048
ENSG00000115165,0.03298320496662616
ENSG00000066455,0.03281891560802781
ENSG00000104880,0.03279117697834049
ENSG00000031698,0.032408443461928026
ENSG00000115484,0.03201866180409016
ENSG00000024048,0.0313906668180286
ENSG00000130638,0.03116574776515824
ENSG00000143774,0.03054520840898566
ENSG00000155465,0.030474432118546727
ENSG00000115233,0.03022181262744819
ENSG00000117758,0.03011187183529972
ENSG00000204614,0.030067011341554335
ENSG00000205250,0.029637179447066033
ENSG00000154027,0.029206940363326096
ENSG00000110768,0.029151756916344286
ENSG00000111731,0.02851491246370561
ENSG00000113583,0.02821906382720433
ENSG00000164609,0.028159671922108945
ENSG00000178252,0.028126800457556403
ENSG00000213465,0.028031094196726752
ENSG00000006534,0.02738113510006474
ENSG00000131378,0.0272739933499372
ENSG00000185344,0.027174673840679644
ENSG00000126749,0.02711181778522091
ENSG00000112079,0.026867472591299988
ENSG00000164512,0.026638807447213586
ENSG00000008405,0.02653415937981211
ENSG00000138069,0.026329756194848068
ENSG00000136699,0.02600889617832072
ENSG00000166971,0.02595007645356917
ENSG00000163161,0.025945695096549575
ENSG00000124145,0.025897187792480986
ENSG00000115946,0.025730784109075283
ENSG00000105856,0.025496420129015384
ENSG00000174891,0.02431629735820576
ENSG00000108559,0.023616311381142254
ENSG00000133961,0.023316590096696274
ENSG00000152926,0.02294654916343465
ENSG00000196459,0.02271481126399333
ENSG00000142089,0.022481451156044815
ENSG00000183918,0.022455127082291228
ENSG00000163219,0.02223842123927762
ENSG00000115318,0.02199699927053733
ENSG00000099942,0.021914587919103955
ENSG00000181789,0.021740690579887853
ENSG00000138363,0.02173838794528557
ENSG00000129351,0.02148260202842543
ENSG00000158805,0.02129225199170148
ENSG00000133574,0.021258294855589086
ENSG00000161405,0.021177361128780065
ENSG00000278845,0.020823929361872447
ENSG00000114354,0.02002229137774735
ENSG00000141699,0.019926559748670906
ENSG00000168944,0.01983075480536231
ENSG00000125166,0.01968977181855437
ENSG00000122882,0.01950525889251231
ENSG00000109606,0.019488921597764917
ENSG00000136682,0.019219851890264122
ENSG00000148300,0.019017824078170206
ENSG00000133872,0.01828908226324268
ENSG00000115446,0.017862364193571345
ENSG00000181381,0.01773110460583088
ENSG00000198286,0.017509445545722646
ENSG00000107938,0.017189813948127894
ENSG00000176974,0.016909557876724088
ENSG00000156304,0.016815082888779326
ENSG00000110906,0.01655819141872511
ENSG00000106263,0.0162974882621773
ENSG00000265972,0.016249469615800708
ENSG00000110011,0.016182860052796576
ENSG00000141027,0.016057772327732398
ENSG00000135108,0.015593124710950623
ENSG00000102699,0.015267111752333112
ENSG00000141367,0.01512001163101628
ENSG00000136243,0.014678636644086872
ENSG00000120253,0.014563770965290277
ENSG00000213516,0.014475851765393627
ENSG00000105698,0.014309868563603107
ENSG00000135698,0.013892070650508258
ENSG00000111530,0.013877795948419543
ENSG00000140382,0.01384289525579805
ENSG00000198876,0.01372259335399218
ENSG00000053254,0.013559870838053562
ENSG00000110031,0.013507530004810019
ENSG00000059588,0.013293257543771336
ENSG00000137841,0.013130301983218911
ENSG00000145649,0.012963622197953032
ENSG00000144741,0.012731481380217118
ENSG00000107736,0.012731234935645052
ENSG00000112031,0.012327444072899275
ENSG00000138378,0.012309968934031851
ENSG00000112685,0.011720868747166935
ENSG00000163558,0.011471981769445715
ENSG00000139437,0.011115867988343024
ENSG00000134014,0.010750077349658984
ENSG00000184164,0.010377630535259783
ENSG00000112335,0.010377433278067654
ENSG00000184428,0.010304087229345857
ENSG00000111335,0.009982640178234848
ENSG00000162777,0.009966379911792781
ENSG00000071994,0.009923053783986426
ENSG00000198924,0.009780247668648661
ENSG00000023330,0.009686736375459366
ENSG00000182973,0.009618623511005666
ENSG00000141644,0.009589850211898319
ENSG00000036549,0.009427636242896251
ENSG00000108788,0.009417602165080073
ENSG00000173418,0.009369042798267998
ENSG00000088179,0.008786109743507286
ENSG00000285774,0.008724331468862723
ENSG00000176986,0.008543882969103803
ENSG00000159256,0.008422215400815858
ENSG00000112996,0.008331176759001937
ENSG00000212694,0.008291511781120644
ENSG00000197498,0.008219535584297423
ENSG00000165782,0.008201452054058474
ENSG00000134086,0.007748363777443638
ENSG00000116161,0.007642831094155275
ENSG00000065135,0.007424273729374554
ENSG00000160710,0.007382300947982532
ENSG00000135829,0.0073339327161566275
ENSG00000163359,0.007127328006894173
ENSG00000103316,0.0069260073932523765
ENSG00000091157,0.00687079622521432
ENSG00000136436,0.006817950118710851
ENSG00000138095,0.00650692159728924
ENSG00000185515,0.006413394814595436
ENSG00000154153,0.006102852879444174
ENSG00000117543,0.005970758379892554
ENSG00000007923,0.005869338584449557
ENSG00000157045,0.005560745444497934
ENSG00000174837,0.0053629347836857836
ENSG00000179091,0.005153442267859095
ENSG00000136319,0.005088517186214659
ENSG00000116044,0.005014810220266739
ENSG00000185246,0.004678454303846712
ENSG00000145687,0.00464585795198332
ENSG00000158856,0.00458259103068674
ENSG00000138134,0.004420437761737915
ENSG00000026751,0.004143508601012194
ENSG00000112592,0.003967552753031355
ENSG00000103160,0.0037551031884559397
ENSG00000140391,0.0034989779004726265
ENSG00000099849,0.003012374273774906
ENSG00000104974,0.0028779442304087653
ENSG00000070476,0.002848742899764747
ENSG00000112200,0.002846243797728946
ENSG00000117143,0.0028058359029261267
ENSG00000137076,0.0022144993366124714
ENSG00000113812,0.0018872264778947042
ENSG00000168310,0.0016980328676593397
ENSG00000131238,0.0016074450863076785
ENSG00000167085,0.0014039163612906498
ENSG00000183605,0.001233812719460783
ENSG00000182004,0.0009940207265071719
ENSG00000171681,0.0009488975609485713
ENSG00000213079,0.00028235050037534083
ENSG00000136527,0.00022254327074520418
ENSG00000137101,0.00016407383893086752
ENSG00000170854,0.00015754991705285495
ENSG00000017260,0.00014846609330153516
ENSG00000069998,0.0
ENSG00000070061,0.0
ENSG00000070190,0.0
ENSG00000070269,0.0
ENSG00000078668,0.0
ENSG00000078808,0.0
ENSG00000079134,0.0
ENSG00000234127,0.0
ENSG00000236320,0.0
ENSG00000237473,0.0
ENSG00000237854,0.0
ENSG00000239713,0.0
ENSG00000240065,0.0
ENSG00000240225,0.0
ENSG00000242247,0.0
ENSG00000242574,0.0
ENSG00000073614,0.0
ENSG00000073861,0.0
ENSG00000082898,0.0
ENSG00000083290,0.0
ENSG00000076321,0.0
ENSG00000076641,0.0
ENSG00000077097,0.0
ENSG00000077232,0.0
ENSG00000077238,0.0
ENSG00000077348,0.0
ENSG00000077420,0.0
ENSG00000077458,0.0
ENSG00000077549,0.0
ENSG00000077684,0.0
ENSG00000078070,0.0
ENSG00000085514,0.0
ENSG00000085563,0.0
ENSG00000085719,0.0
ENSG00000085788,0.0
ENSG00000086061,0.0
ENSG00000079246,0.0
ENSG00000079308,0.0
ENSG00000080503,0.0
ENSG00000080802,0.0
ENSG00000081059,0.0
ENSG00000081237,0.0
ENSG00000081791,0.0
ENSG00000082153,0.0
ENSG00000082438,0.0
ENSG00000087302,0.0
ENSG00000087365,0.0
ENSG00000088205,0.0
ENSG00000088247,0.0
ENSG00000083642,0.0
ENSG00000083799,0.0
ENSG00000083845,0.0
ENSG00000084092,0.0
ENSG00000084463,0.0
ENSG00000084623,0.0
ENSG00000085365,0.0
ENSG00000085377,0.0
ENSG00000085415,0.0
ENSG00000089327,0.0
ENSG00000089916,0.0
ENSG00000090382,0.0
ENSG00000090989,0.0
ENSG00000091039,0.0
ENSG00000091317,0.0
ENSG00000086065,0.0
ENSG00000086102,0.0
ENSG00000086189,0.0
ENSG00000086589,0.0
ENSG00000087087,0.0
ENSG00000087237,0.0
ENSG00000087266,0.0
ENSG00000087269,0.0
ENSG00000092439,0.0
ENSG00000092820,0.0
ENSG00000092841,0.0
ENSG00000093000,0.0
ENSG00000093072,0.0
ENSG00000094914,0.0
ENSG00000095015,0.0
ENSG00000095370,0.0
ENSG00000089012,0.0
ENSG00000089022,0.0
ENSG00000089127,0.0
ENSG00000089154,0.0
ENSG00000089157,0.0
ENSG00000089159,0.0
ENSG00000099817,0.0
ENSG00000227165,0.0
ENSG00000228956,0.0
ENSG00000229124,0.0
ENSG00000229666,0.0
ENSG00000230773,0.0
ENSG00000231246,0.0
ENSG00000231389,0.0
ENSG00000231925,0.0
ENSG00000232125,0.0
ENSG00000092108,0.0
ENSG00000092199,0.0
ENSG00000092201,0.0
ENSG00000092203,0.0
ENSG00000100242,0.0
ENSG00000100243,0.0
ENSG00000100284,0.0
ENSG00000095485,0.0
ENSG00000095585,0.0
ENSG00000095906,0.0
ENSG00000096384,0.0
ENSG00000096401,0.0
ENSG00000096717,0.0
ENSG00000096746,0.0
ENSG00000097021,0.0
ENSG00000099290,0.0
ENSG00000099330,0.0
ENSG00000099783,0.0
ENSG00000099785,0.0
ENSG00000100422,0.0
ENSG00000100612,0.0
ENSG00000100632,0.0
ENSG00000100796,0.0
ENSG00000099875,0.0
ENSG00000099901,0.0
ENSG00000100029,0.0
ENSG00000100030,0.0
ENSG00000100079,0.0
ENSG00000100142,0.0
ENSG00000100938,0.0
ENSG00000100949,0.0
ENSG00000100991,0.0
ENSG00000101161,0.0
ENSG00000101193,0.0
ENSG00000101310,0.0
ENSG00000101336,0.0
ENSG00000101347,0.0
ENSG00000100316,0.0
ENSG00000100353,0.0
ENSG00000100380,0.0
ENSG00000100385,0.0
ENSG00000213445,0.0
ENSG00000213585,0.0
ENSG00000213593,0.0
ENSG00000213626,0.0
ENSG00000214160,0.0
ENSG00000215301,0.0
ENSG00000215908,0.0
ENSG00000223705,0.0
ENSG00000226243,0.0
ENSG00000100883,0.0
ENSG00000100888,0.0
ENSG00000100889,0.0
ENSG00000103148,0.0
ENSG00000101361,0.0
ENSG00000101460,0.0
ENSG00000101577,0.0
ENSG00000101596,0.0
ENSG00000101782,0.0
ENSG00000101843,0.0
ENSG00000101888,0.0
ENSG00000101911,0.0
ENSG00000101972,0.0
ENSG00000101997,0.0
ENSG00000102103,0.0
ENSG00000102241,0.0
ENSG00000102265,0.0
ENSG00000103490,0.0
ENSG00000103510,0.0
ENSG00000103512,0.0
ENSG00000103591,0.0
ENSG00000103811,0.0
ENSG00000102317,0.0
ENSG00000102445,0.0
ENSG00000102606,0.0
ENSG00000102710,0.0
ENSG00000102879,0.0
ENSG00000102900,0.0
ENSG00000103091,0.0
ENSG00000104805,0.0
ENSG00000104812,0.0
ENSG00000104814,0.0
ENSG00000104824,0.0
ENSG00000104852,0.0
ENSG00000104853,0.0
ENSG00000104915,0.0
ENSG00000104921,0.0
ENSG00000103342,0.0
ENSG00000103381,0.0
ENSG00000103423,0.0
ENSG00000103479,0.0
ENSG00000105447,0.0
ENSG00000205744,0.0
ENSG00000205937,0.0
ENSG00000205981,0.0
ENSG00000211460,0.0
ENSG00000211898,0.0
ENSG00000211899,0.0
ENSG00000213281,0.0
ENSG00000213339,0.0
ENSG00000104129,0.0
ENSG00000104365,0.0
ENSG00000104408,0.0
ENSG00000104613,0.0
ENSG00000105879,0.0
ENSG00000104998,0.0
ENSG00000105053,0.0
ENSG00000105058,0.0
ENSG00000105171,0.0
ENSG00000105193,0.0
ENSG00000105364,0.0
ENSG00000105369,0.0
ENSG00000105373,0.0
ENSG00000105383,0.0
ENSG00000105397,0.0
ENSG00000105402,0.0
ENSG00000106460,0.0
ENSG00000106462,0.0
ENSG00000106603,0.0
ENSG00000106609,0.0
ENSG00000106617,0.0
ENSG00000105483,0.0
ENSG00000105552,0.0
ENSG00000105618,0.0
ENSG00000105640,0.0
ENSG00000105656,0.0
ENSG00000105705,0.0
ENSG00000105711,0.0
ENSG00000105819,0.0
ENSG00000105835,0.0
ENSG00000105851,0.0
ENSG00000107625,0.0
ENSG00000107651,0.0
ENSG00000107758,0.0
ENSG00000107874,0.0
ENSG00000107937,0.0
ENSG00000107949,0.0
ENSG00000105993,0.0
ENSG00000106009,0.0
ENSG00000106066,0.0
ENSG00000106261,0.0
ENSG00000106355,0.0
ENSG00000106415,0.0
ENSG00000108344,0.0
ENSG00000108389,0.0
ENSG00000108395,0.0
ENSG00000108406,0.0
ENSG00000108561,0.0
ENSG00000106948,0.0
ENSG00000107099,0.0
ENSG00000107263,0.0
ENSG00000107290,0.0
ENSG00000107372,0.0
ENSG00000107485,0.0
ENSG00000107551,0.0
ENSG00000107581,0.0
ENSG00000204564,0.0
ENSG00000204568,0.0
ENSG00000204577,0.0
ENSG00000204632,0.0
ENSG00000204634,0.0
ENSG00000204713,0.0
ENSG00000204859,0.0
ENSG00000204899,0.0
ENSG00000205302,0.0
ENSG00000205336,0.0
ENSG00000108262,0.0
ENSG00000108312,0.0
ENSG00000108654,0.0
ENSG00000108666,0.0
ENSG00000108798,0.0
ENSG00000108854,0.0
ENSG00000108883,0.0
ENSG00000108946,0.0
ENSG00000109046,0.0
ENSG00000109320,0.0
ENSG00000109323,0.0
ENSG00000109436,0.0
ENSG00000109572,0.0
ENSG00000204482,0.0
ENSG00000204560,0.0
ENSG00000110888,0.0
ENSG00000109762,0.0
ENSG00000109861,0.0
ENSG00000109911,0.0
ENSG00000109971,0.0
ENSG00000110057,0.0
ENSG00000110066,0.0
ENSG00000110075,0.0
ENSG00000110077,0.0
ENSG00000108639,0.0
ENSG00000108651,0.0
ENSG00000111581,0.0
ENSG00000110172,0.0
ENSG00000110321,0.0
ENSG00000110324,0.0
ENSG00000110422,0.0
ENSG00000110429,0.0
ENSG00000110448,0.0
ENSG00000110711,0.0
ENSG00000110799,0.0
ENSG00000110876,0.0
ENSG00000111790,0.0
ENSG00000111801,0.0
ENSG00000111897,0.0
ENSG00000111913,0.0
ENSG00000110917,0.0
ENSG00000111144,0.0
ENSG00000111203,0.0
ENSG00000111269,0.0
ENSG00000111275,0.0
ENSG00000198909,0.0
ENSG00000198948,0.0
ENSG00000203880,0.0
ENSG00000204219,0.0
ENSG00000204231,0.0
ENSG00000204394,0.0
ENSG00000204472,0.0
ENSG00000204475,0.0
ENSG00000111640,0.0
ENSG00000111667,0.0
ENSG00000111679,0.0
ENSG00000113580,0.0
ENSG00000112081,0.0
ENSG00000112110,0.0
ENSG00000112249,0.0
ENSG00000112282,0.0
ENSG00000112367,0.0
ENSG00000112531,0.0
ENSG00000112799,0.0
ENSG00000112851,0.0
ENSG00000112977,0.0
ENSG00000114491,0.0
ENSG00000114520,0.0
ENSG00000114541,0.0
ENSG00000112983,0.0
ENSG00000113048,0.0
ENSG00000113240,0.0
ENSG00000113263,0.0
ENSG00000113300,0.0
ENSG00000113384,0.0
ENSG00000113387,0.0
ENSG00000113532,0.0
ENSG00000113575,0.0
ENSG00000115145,0.0
ENSG00000115232,0.0
ENSG00000115241,0.0
ENSG00000113716,0.0
ENSG00000113732,0.0
ENSG00000114013,0.0
ENSG00000114026,0.0
ENSG00000114030,0.0
ENSG00000114054,0.0
ENSG00000114098,0.0
ENSG00000115457,0.0
ENSG00000115459,0.0
ENSG00000115524,0.0
ENSG00000115539,0.0
ENSG00000115548,0.0
ENSG00000115687,0.0
ENSG00000115738,0.0
ENSG00000114573,0.0
ENSG00000114626,0.0
ENSG00000114767,0.0
ENSG00000114770,0.0
ENSG00000114942,0.0
ENSG00000115085,0.0
ENSG00000115091,0.0
ENSG00000115919,0.0
ENSG00000115970,0.0
ENSG00000115998,0.0
ENSG00000116191,0.0
ENSG00000116213,0.0
ENSG00000115368,0.0
ENSG00000198574,0.0
ENSG00000198589,0.0
ENSG00000198677,0.0
ENSG00000198730,0.0
ENSG00000198793,0.0
ENSG00000198821,0.0
ENSG00000198839,0.0
ENSG00000198851,0.0
ENSG00000198862,0.0
ENSG00000115816,0.0
ENSG00000115825,0.0
ENSG00000115840,0.0
ENSG00000115875,0.0
ENSG00000117222,0.0
ENSG00000117395,0.0
ENSG00000116266,0.0
ENSG00000116288,0.0
ENSG00000116350,0.0
ENSG00000116406,0.0
ENSG00000116455,0.0
ENSG00000116478,0.0
ENSG00000116521,0.0
ENSG00000116560,0.0
ENSG00000116667,0.0
ENSG00000116670,0.0
ENSG00000116678,0.0
ENSG00000117616,0.0
ENSG00000117676,0.0
ENSG00000117691,0.0
ENSG00000117697,0.0
ENSG00000117748,0.0
ENSG00000118007,0.0
ENSG00000116701,0.0
ENSG00000116741,0.0
ENSG00000116791,0.0
ENSG00000116824,0.0
ENSG00000116906,0.0
ENSG00000116977,0.0
ENSG00000117091,0.0
ENSG00000118620,0.0
ENSG00000119041,0.0
ENSG00000119203,0.0
ENSG00000119285,0.0
ENSG00000119392,0.0
ENSG00000119414,0.0
ENSG00000119682,0.0
ENSG00000119688,0.0
ENSG00000117419,0.0
ENSG00000117448,0.0
ENSG00000117475,0.0
ENSG00000117500,0.0
ENSG00000117528,0.0
ENSG00000119866,0.0
ENSG00000119912,0.0
ENSG00000119965,0.0
ENSG00000120008,0.0
ENSG00000120029,0.0
ENSG00000120314,0.0
ENSG00000120526,0.0
ENSG00000120656,0.0
ENSG00000120694,0.0
ENSG00000120697,0.0
ENSG00000118197,0.0
ENSG00000118246,0.0
ENSG00000118260,0.0
ENSG00000118482,0.0
ENSG00000118579,0.0
ENSG00000121579,0.0
ENSG00000121691,0.0
ENSG00000121766,0.0
ENSG00000121774,0.0
ENSG00000198198,0.0
ENSG00000198218,0.0
ENSG00000198223,0.0
ENSG00000198231,0.0
ENSG00000198252,0.0
ENSG00000198276,0.0
ENSG00000198301,0.0
ENSG00000198522,0.0
ENSG00000119801,0.0
ENSG00000122224,0.0
ENSG00000122299,0.0
ENSG00000122376,0.0
ENSG00000122406,0.0
ENSG00000122557,0.0
ENSG00000122565,0.0
ENSG00000122566,0.0
ENSG00000120699,0.0
ENSG00000120800,0.0
ENSG00000120805,0.0
ENSG00000120885,0.0
ENSG00000120913,0.0
ENSG00000121210,0.0
ENSG00000121350,0.0
ENSG00000121413,0.0
ENSG00000121481,0.0
ENSG00000123130,0.0
ENSG00000123146,0.0
ENSG00000123329,0.0
ENSG00000123338,0.0
ENSG00000123607,0.0
ENSG00000123609,0.0
ENSG00000123983,0.0
ENSG00000121858,0.0
ENSG00000121864,0.0
ENSG00000121895,0.0
ENSG00000122008,0.0
ENSG00000122068,0.0
ENSG00000122122,0.0
ENSG00000122218,0.0
ENSG00000122223,0.0
ENSG00000124486,0.0
ENSG00000124541,0.0
ENSG00000124571,0.0
ENSG00000124733,0.0
ENSG00000124767,0.0
ENSG00000124783,0.0
ENSG00000124786,0.0
ENSG00000124942,0.0
ENSG00000125089,0.0
ENSG00000122692,0.0
ENSG00000122729,0.0
ENSG00000122884,0.0
ENSG00000122986,0.0
ENSG00000123064,0.0
ENSG00000123066,0.0
ENSG00000125304,0.0
ENSG00000125388,0.0
ENSG00000125447,0.0
ENSG00000125629,0.0
ENSG00000125630,0.0
ENSG00000125731,0.0
ENSG00000125772,0.0
ENSG00000125779,0.0
ENSG00000125814,0.0
ENSG00000125863,0.0
ENSG00000124126,0.0
ENSG00000124226,0.0
ENSG00000124383,0.0
ENSG00000197249,0.0
ENSG00000197555,0.0
ENSG00000197713,0.0
ENSG00000197943,0.0
ENSG00000197948,0.0
ENSG00000197976,0.0
ENSG00000198015,0.0
ENSG00000198026,0.0
ENSG00000198081,0.0
ENSG00000198168,0.0
ENSG00000129071,0.0
ENSG00000129083,0.0
ENSG00000126261,0.0
ENSG00000126391,0.0
ENSG00000126432,0.0
ENSG00000126458,0.0
ENSG00000126602,0.0
ENSG00000126822,0.0
ENSG00000127022,0.0
ENSG00000127084,0.0
ENSG00000127463,0.0
ENSG00000127528,0.0
ENSG00000127837,0.0
ENSG00000129933,0.0
ENSG00000130150,0.0
ENSG00000130159,0.0
ENSG00000130348,0.0
ENSG00000130726,0.0
ENSG00000130741,0.0
ENSG00000128383,0.0
ENSG00000128394,0.0
ENSG00000128534,0.0
ENSG00000128604,0.0
ENSG00000128699,0.0
ENSG00000128708,0.0
ENSG00000128815,0.0
ENSG00000128829,0.0
ENSG00000128915,0.0
ENSG00000131242,0.0
ENSG00000131269,0.0
ENSG00000131323,0.0
ENSG00000116001,0.0
ENSG00000131401,0.0
ENSG00000131473,0.0
ENSG00000131508,0.0
ENSG00000131724,0.0
ENSG00000284959,0.0
ENSG00000129347,0.0
ENSG00000001497,0.0
ENSG00000129450,0.0
ENSG00000129625,0.0
ENSG00000129675,0.0
ENSG00000129691,0.0
ENSG00000196419,0.0
ENSG00000175463,0.0
ENSG00000196505,0.0
ENSG00000196510,0.0
ENSG00000196526,0.0
ENSG00000196562,0.0
ENSG00000196655,0.0
ENSG00000257093,0.0
ENSG00000196923,0.0
ENSG00000197043,0.0
ENSG00000197102,0.0
ENSG00000197157,0.0
ENSG00000130803,0.0
ENSG00000130826,0.0
ENSG00000270882,0.0
ENSG00000131042,0.0
ENSG00000132819,0.0
ENSG00000132824,0.0
ENSG00000131732,0.0
ENSG00000000419,0.0
ENSG00000131788,0.0
ENSG00000132024,0.0
ENSG00000132109,0.0
ENSG00000132153,0.0
ENSG00000132182,0.0
ENSG00000132274,0.0
ENSG00000132300,0.0
ENSG00000132305,0.0
ENSG00000132334,0.0
ENSG00000132341,0.0
ENSG00000132382,0.0
ENSG00000257103,0.0
ENSG00000133706,0.0
ENSG00000133794,0.0
ENSG00000133835,0.0
ENSG00000261371,0.0
ENSG00000263001,0.0
ENSG00000132388,0.0
ENSG00000132406,0.0
ENSG00000132463,0.0
ENSG00000132465,0.0
ENSG00000132475,0.0
ENSG00000132514,0.0
ENSG00000132530,0.0
ENSG00000132646,0.0
ENSG00000132676,0.0
ENSG00000132704,0.0
ENSG00000132780,0.0
ENSG00000134109,0.0
ENSG00000134153,0.0
ENSG00000263528,0.0
ENSG00000265241,0.0
ENSG00000134215,0.0
ENSG00000134242,0.0
ENSG00000134250,0.0
ENSG00000133103,0.0
ENSG00000133104,0.0
ENSG00000133246,0.0
ENSG00000133265,0.0
ENSG00000133313,0.0
ENSG00000265808,0.0
ENSG00000265844,0.0
ENSG00000133612,0.0
ENSG00000133639,0.0
ENSG00000134333,0.0
ENSG00000134440,0.0
ENSG00000134452,0.0
ENSG00000134602,0.0
ENSG00000134697,0.0
ENSG00000266094,0.0
ENSG00000134758,0.0
ENSG00000134759,0.0
ENSG00000133895,0.0
ENSG00000266401,0.0
ENSG00000134001,0.0
ENSG00000004455,0.0
ENSG00000134046,0.0
ENSG00000134056,0.0
ENSG00000134070,0.0
ENSG00000004059,0.0
ENSG00000189079,0.0
ENSG00000189091,0.0
ENSG00000189159,0.0
ENSG00000196116,0.0
ENSG00000196126,0.0
ENSG00000196139,0.0
ENSG00000196177,0.0
ENSG00000196230,0.0
ENSG00000196235,0.0
ENSG00000196290,0.0
ENSG00000196305,0.0
ENSG00000196313,0.0
ENSG00000134255,0.0
ENSG00000134283,0.0
ENSG00000134294,0.0
ENSG00000134324,0.0
ENSG00000134954,0.0
ENSG00000002549,0.0
ENSG00000014123,0.0
ENSG00000014641,0.0
ENSG00000135185,0.0
ENSG00000135241,0.0
ENSG00000015171,0.0
ENSG00000135269,0.0
ENSG00000135272,0.0
ENSG00000006744,0.0
ENSG00000135372,0.0
ENSG00000135404,0.0
ENSG00000135426,0.0
ENSG00000135446,0.0
ENSG00000188994,0.0
ENSG00000189050,0.0
ENSG00000136381,0.0
ENSG00000135457,0.0
ENSG00000135473,0.0
ENSG00000135486,0.0
ENSG00000135624,0.0
ENSG00000135655,0.0
ENSG00000007264,0.0
ENSG00000135828,0.0
ENSG00000007944,0.0
ENSG00000135905,0.0
ENSG00000135930,0.0
ENSG00000135932,0.0
ENSG00000135951,0.0
ENSG00000135966,0.0
ENSG00000135972,0.0
ENSG00000134910,0.0
ENSG00000136709,0.0
ENSG00000136718,0.0
ENSG00000136003,0.0
ENSG00000136021,0.0
ENSG00000136040,0.0
ENSG00000136045,0.0
ENSG00000136051,0.0
ENSG00000136147,0.0
ENSG00000136167,0.0
ENSG00000008517,0.0
ENSG00000008869,0.0
ENSG00000009790,0.0
ENSG00000136261,0.0
ENSG00000136270,0.0
ENSG00000136271,0.0
ENSG00000009844,0.0
ENSG00000136950,0.0
ENSG00000137055,0.0
ENSG00000256667,0.0
ENSG00000137078,0.0
ENSG00000023892,0.0
ENSG00000137154,0.0
ENSG00000026508,0.0
ENSG00000136444,0.0
ENSG00000136490,0.0
ENSG00000136504,0.0
ENSG00000010295,0.0
ENSG00000010610,0.0
ENSG00000136560,0.0
ENSG00000136628,0.0
ENSG00000010671,0.0
ENSG00000010810,0.0
ENSG00000137509,0.0
ENSG00000137575,0.0
ENSG00000137628,0.0
ENSG00000137642,0.0
ENSG00000137752,0.0
ENSG00000137770,0.0
ENSG00000137824,0.0
ENSG00000011260,0.0
ENSG00000137876,0.0
ENSG00000137944,0.0
ENSG00000136732,0.0
ENSG00000136754,0.0
ENSG00000136811,0.0
ENSG00000136875,0.0
ENSG00000136877,0.0
ENSG00000136929,0.0
ENSG00000187699,0.0
ENSG00000187735,0.0
ENSG00000187778,0.0
ENSG00000011405,0.0
ENSG00000188404,0.0
ENSG00000188554,0.0
ENSG00000188641,0.0
ENSG00000188786,0.0
ENSG00000188846,0.0
ENSG00000188906,0.0
ENSG00000188938,0.0
ENSG00000188976,0.0
ENSG00000012124,0.0
ENSG00000137288,0.0
ENSG00000137501,0.0
ENSG00000137502,0.0
ENSG00000138029,0.0
ENSG00000138035,0.0
ENSG00000012660,0.0
ENSG00000138071,0.0
ENSG00000138078,0.0
ENSG00000013275,0.0
ENSG00000138107,0.0
ENSG00000138119,0.0
ENSG00000013288,0.0
ENSG00000013725,0.0
ENSG00000033011,0.0
ENSG00000138375,0.0
ENSG00000033800,0.0
ENSG00000187554,0.0
ENSG00000187555,0.0
ENSG00000187688,0.0
ENSG00000139641,0.0
ENSG00000139684,0.0
ENSG00000138382,0.0
ENSG00000138449,0.0
ENSG00000138592,0.0
ENSG00000138668,0.0
ENSG00000138735,0.0
ENSG00000138744,0.0
ENSG00000138750,0.0
ENSG00000138757,0.0
ENSG00000138768,0.0
ENSG00000138777,0.0
ENSG00000138795,0.0
ENSG00000138964,0.0
ENSG00000137947,0.0
ENSG00000137955,0.0
ENSG00000140379,0.0
ENSG00000035720,0.0
ENSG00000036257,0.0
ENSG00000140395,0.0
ENSG00000140416,0.0
ENSG00000140521,0.0
ENSG00000139187,0.0
ENSG00000139193,0.0
ENSG00000139218,0.0
ENSG00000139278,0.0
ENSG00000139318,0.0
ENSG00000139323,0.0
ENSG00000139350,0.0
ENSG00000139370,0.0
ENSG00000018280,0.0
ENSG00000139620,0.0
ENSG00000140941,0.0
ENSG00000140968,0.0
ENSG00000140988,0.0
ENSG00000140995,0.0
ENSG00000019582,0.0
ENSG00000141076,0.0
ENSG00000141258,0.0
ENSG00000020633,0.0
ENSG00000141376,0.0
ENSG00000139726,0.0
ENSG00000139793,0.0
ENSG00000140044,0.0
ENSG00000140105,0.0
ENSG00000140157,0.0
ENSG00000140280,0.0
ENSG00000140299,0.0
ENSG00000141425,0.0
ENSG00000141504,0.0
ENSG00000141510,0.0
ENSG00000141543,0.0
ENSG00000141551,0.0
ENSG00000021355,0.0
ENSG00000021762,0.0
ENSG00000141968,0.0
ENSG00000141994,0.0
ENSG00000023041,0.0
ENSG00000142166,0.0
ENSG00000140575,0.0
ENSG00000140598,0.0
ENSG00000140612,0.0
ENSG00000140682,0.0
ENSG00000140749,0.0
ENSG00000143314,0.0
ENSG00000185658,0.0
ENSG00000185753,0.0
ENSG00000185811,0.0
ENSG00000039123,0.0
ENSG00000186001,0.0
ENSG00000186298,0.0
ENSG00000186575,0.0
ENSG00000186591,0.0
ENSG00000186625,0.0
ENSG00000186854,0.0
ENSG00000187051,0.0
ENSG00000187109,0.0
ENSG00000187147,0.0
ENSG00000187164,0.0
ENSG00000141380,0.0
ENSG00000143889,0.0
ENSG00000144021,0.0
ENSG00000144028,0.0
ENSG00000144029,0.0
ENSG00000142197,0.0
ENSG00000142330,0.0
ENSG00000142347,0.0
ENSG00000142546,0.0
ENSG00000142864,0.0
ENSG00000142875,0.0
ENSG00000039319,0.0
ENSG00000143106,0.0
ENSG00000143110,0.0
ENSG00000143119,0.0
ENSG00000143157,0.0
ENSG00000143183,0.0
ENSG00000144589,0.0
ENSG00000144635,0.0
ENSG00000040933,0.0
ENSG00000041353,0.0
ENSG00000144744,0.0
ENSG00000144848,0.0
ENSG00000143353,0.0
ENSG00000143384,0.0
ENSG00000143390,0.0
ENSG00000041357,0.0
ENSG00000143595,0.0
ENSG00000143742,0.0
ENSG00000143761,0.0
ENSG00000042088,0.0
ENSG00000143799,0.0
ENSG00000143815,0.0
ENSG00000145041,0.0
ENSG00000145088,0.0
ENSG00000145191,0.0
ENSG00000145335,0.0
ENSG00000145388,0.0
ENSG00000043462,0.0
ENSG00000044574,0.0
ENSG00000145675,0.0
ENSG00000026950,0.0
ENSG00000145741,0.0
ENSG00000144048,0.0
ENSG00000144218,0.0
ENSG00000144357,0.0
ENSG00000144381,0.0
ENSG00000144535,0.0
ENSG00000144559,0.0
ENSG00000184613,0.0
ENSG00000027001,0.0
ENSG00000184967,0.0
ENSG00000185009,0.0
ENSG00000027075,0.0
ENSG00000185163,0.0
ENSG00000185187,0.0
ENSG00000185215,0.0
ENSG00000028137,0.0
ENSG00000028277,0.0
ENSG00000028310,0.0
ENSG00000185404,0.0
ENSG00000185485,0.0
ENSG00000029639,0.0
ENSG00000144909,0.0
ENSG00000047621,0.0
ENSG00000148396,0.0
ENSG00000047849,0.0
ENSG00000145779,0.0
ENSG00000145868,0.0
ENSG00000048052,0.0
ENSG00000048405,0.0
ENSG00000146085,0.0
ENSG00000146109,0.0
ENSG00000146232,0.0
ENSG00000146386,0.0
ENSG00000146476,0.0
ENSG00000146731,0.0
ENSG00000147140,0.0
ENSG00000147162,0.0
ENSG00000147202,0.0
ENSG00000184584,0.0
ENSG00000051009,0.0
ENSG00000149231,0.0
ENSG00000051108,0.0
ENSG00000149262,0.0
ENSG00000149269,0.0
ENSG00000149308,0.0
ENSG00000147251,0.0
ENSG00000147274,0.0
ENSG00000053900,0.0
ENSG00000147457,0.0
ENSG00000147471,0.0
ENSG00000147604,0.0
ENSG00000147677,0.0
ENSG00000148090,0.0
ENSG00000148154,0.0
ENSG00000055130,0.0
ENSG00000150681,0.0
ENSG00000150753,0.0
ENSG00000150768,0.0
ENSG00000150961,0.0
ENSG00000151023,0.0
ENSG00000151090,0.0
ENSG00000151092,0.0
ENSG00000036448,0.0
ENSG00000148672,0.0
ENSG00000148688,0.0
ENSG00000148700,0.0
ENSG00000148737,0.0
ENSG00000148840,0.0
ENSG00000037474,0.0
ENSG00000149100,0.0
ENSG00000149131,0.0
ENSG00000151702,0.0
ENSG00000151876,0.0
ENSG00000038274,0.0
ENSG00000152219,0.0
ENSG00000152234,0.0
ENSG00000152382,0.0
ENSG00000152492,0.0
ENSG00000152518,0.0
ENSG00000149418,0.0
ENSG00000149480,0.0
ENSG00000149577,0.0
ENSG00000149658,0.0
ENSG00000149823,0.0
ENSG00000149932,0.0
ENSG00000150459,0.0
ENSG00000150593,0.0
ENSG00000152620,0.0
ENSG00000152700,0.0
ENSG00000152818,0.0
ENSG00000038358,0.0
ENSG00000152942,0.0
ENSG00000153046,0.0
ENSG00000153107,0.0
ENSG00000038427,0.0
ENSG00000153162,0.0
ENSG00000153187,0.0
ENSG00000153201,0.0
ENSG00000151116,0.0
ENSG00000151414,0.0
ENSG00000151498,0.0
ENSG00000151553,0.0
ENSG00000151690,0.0
ENSG00000062194,0.0
ENSG00000154930,0.0
ENSG00000183431,0.0
ENSG00000245164,0.0
ENSG00000183624,0.0
ENSG00000183735,0.0
ENSG00000183751,0.0
ENSG00000247774,0.0
ENSG00000184014,0.0
ENSG00000184117,0.0
ENSG00000248242,0.0
ENSG00000249307,0.0
ENSG00000184470,0.0
ENSG00000184575,0.0
ENSG00000152558,0.0
ENSG00000152601,0.0
ENSG00000156110,0.0
ENSG00000156136,0.0
ENSG00000153207,0.0
ENSG00000250334,0.0
ENSG00000153339,0.0
ENSG00000153395,0.0
ENSG00000153560,0.0
ENSG00000153790,0.0
ENSG00000251301,0.0
ENSG00000154059,0.0
ENSG00000254087,0.0
ENSG00000154174,0.0
ENSG00000154473,0.0
ENSG00000154518,0.0
ENSG00000154589,0.0
ENSG00000154719,0.0
ENSG00000156675,0.0
ENSG00000156738,0.0
ENSG00000156873,0.0
ENSG00000156976,0.0
ENSG00000156983,0.0
ENSG00000155090,0.0
ENSG00000155096,0.0
ENSG00000155229,0.0
ENSG00000155363,0.0
ENSG00000254986,0.0
ENSG00000155561,0.0
ENSG00000155629,0.0
ENSG00000155660,0.0
ENSG00000155827,0.0
ENSG00000155926,0.0
ENSG00000155959,0.0
ENSG00000157483,0.0
ENSG00000157601,0.0
ENSG00000157764,0.0
ENSG00000157881,0.0
ENSG00000255028,0.0
ENSG00000158161,0.0
ENSG00000158406,0.0
ENSG00000158517,0.0
ENSG00000158545,0.0
ENSG00000156261,0.0
ENSG00000156265,0.0
ENSG00000156299,0.0
ENSG00000255325,0.0
ENSG00000156508,0.0
ENSG00000156531,0.0
ENSG00000256043,0.0
ENSG00000182481,0.0
ENSG00000182568,0.0
ENSG00000182578,0.0
ENSG00000182606,0.0
ENSG00000182718,0.0
ENSG00000182827,0.0
ENSG00000182866,0.0
ENSG00000182872,0.0
ENSG00000047188,0.0
ENSG00000183283,0.0
ENSG00000183291,0.0
ENSG00000183337,0.0
ENSG00000156990,0.0
ENSG00000157020,0.0
ENSG00000047315,0.0
ENSG00000157326,0.0
ENSG00000158773,0.0
ENSG00000047579,0.0
ENSG00000064961,0.0
ENSG00000158864,0.0
ENSG00000158869,0.0
ENSG00000158941,0.0
ENSG00000158985,0.0
ENSG00000159023,0.0
ENSG00000159199,0.0
ENSG00000065183,0.0
ENSG00000159314,0.0
ENSG00000055147,0.0
ENSG00000055163,0.0
ENSG00000182149,0.0
ENSG00000055917,0.0
ENSG00000182473,0.0
ENSG00000057608,0.0
ENSG00000161526,0.0
ENSG00000057935,0.0
ENSG00000161638,0.0
ENSG00000159592,0.0
ENSG00000159753,0.0
ENSG00000160014,0.0
ENSG00000160131,0.0
ENSG00000160185,0.0
ENSG00000160208,0.0
ENSG00000160214,0.0
ENSG00000160294,0.0
ENSG00000058729,0.0
ENSG00000160584,0.0
ENSG00000160593,0.0
ENSG00000158636,0.0
ENSG00000162402,0.0
ENSG00000162434,0.0
ENSG00000162511,0.0
ENSG00000162521,0.0
ENSG00000162639,0.0
ENSG00000162645,0.0
ENSG00000162654,0.0
ENSG00000059378,0.0
ENSG00000160633,0.0
ENSG00000160654,0.0
ENSG00000160679,0.0
ENSG00000059573,0.0
ENSG00000160799,0.0
ENSG00000160953,0.0
ENSG00000161057,0.0
ENSG00000059758,0.0
ENSG00000162923,0.0
ENSG00000162961,0.0
ENSG00000163125,0.0
ENSG00000059804,0.0
ENSG00000163162,0.0
ENSG00000163166,0.0
ENSG00000061794,0.0
ENSG00000163297,0.0
ENSG00000163312,0.0
ENSG00000066557,0.0
ENSG00000163389,0.0
ENSG00000161981,0.0
ENSG00000162222,0.0
ENSG00000162231,0.0
ENSG00000162236,0.0
ENSG00000162385,0.0
ENSG00000163636,0.0
ENSG00000163728,0.0
ENSG00000163781,0.0
ENSG00000163788,0.0
ENSG00000180644,0.0
ENSG00000181038,0.0
ENSG00000066583,0.0
ENSG00000181481,0.0
ENSG00000181610,0.0
ENSG00000066651,0.0
ENSG00000066933,0.0
ENSG00000062598,0.0
ENSG00000062725,0.0
ENSG00000182087,0.0
ENSG00000162852,0.0
ENSG00000162894,0.0
ENSG00000163946,0.0
ENSG00000163947,0.0
ENSG00000163950,0.0
ENSG00000164024,0.0
ENSG00000164032,0.0
ENSG00000164091,0.0
ENSG00000164104,0.0
ENSG00000163468,0.0
ENSG00000163508,0.0
ENSG00000163513,0.0
ENSG00000163527,0.0
ENSG00000163534,0.0
ENSG00000063046,0.0
ENSG00000063601,0.0
ENSG00000064012,0.0
ENSG00000163608,0.0
ENSG00000164221,0.0
ENSG00000064419,0.0
ENSG00000064726,0.0
ENSG00000164307,0.0
ENSG00000164308,0.0
ENSG00000164329,0.0
ENSG00000164331,0.0
ENSG00000164332,0.0
ENSG00000164346,0.0
ENSG00000164347,0.0
ENSG00000163798,0.0
ENSG00000163848,0.0
ENSG00000163902,0.0
ENSG00000163931,0.0
ENSG00000163938,0.0
ENSG00000163939,0.0
ENSG00000068394,0.0
ENSG00000164654,0.0
ENSG00000164754,0.0
ENSG00000164758,0.0
ENSG00000164815,0.0
ENSG00000164828,0.0
ENSG00000164830,0.0
ENSG00000164902,0.0
ENSG00000164941,0.0
ENSG00000165119,0.0
ENSG00000165168,0.0
ENSG00000164151,0.0
ENSG00000068724,0.0
ENSG00000164164,0.0
ENSG00000164181,0.0
ENSG00000164209,0.0
ENSG00000179144,0.0
ENSG00000179152,0.0
ENSG00000179526,0.0
ENSG00000179583,0.0
ENSG00000179639,0.0
ENSG00000068784,0.0
ENSG00000179950,0.0
ENSG00000180096,0.0
ENSG00000180104,0.0
ENSG00000180190,0.0
ENSG00000180228,0.0
ENSG00000180353,0.0
ENSG00000164463,0.0
ENSG00000164483,0.0
ENSG00000069248,0.0
ENSG00000164543,0.0
ENSG00000166200,0.0
ENSG00000166233,0.0
ENSG00000165209,0.0
ENSG00000165244,0.0
ENSG00000165271,0.0
ENSG00000165272,0.0
ENSG00000165359,0.0
ENSG00000165487,0.0
ENSG00000165494,0.0
ENSG00000165609,0.0
ENSG00000165630,0.0
ENSG00000165678,0.0
ENSG00000165688,0.0
ENSG00000165689,0.0
ENSG00000165733,0.0
ENSG00000165752,0.0
ENSG00000166855,0.0
ENSG00000069329,0.0
ENSG00000166927,0.0
ENSG00000166938,0.0
ENSG00000069424,0.0
ENSG00000069493,0.0
ENSG00000065268,0.0
ENSG00000165819,0.0
ENSG00000165861,0.0
ENSG00000165929,0.0
ENSG00000165948,0.0
ENSG00000065413,0.0
ENSG00000166091,0.0
ENSG00000166148,0.0
ENSG00000166181,0.0
ENSG00000166197,0.0
ENSG00000167315,0.0
ENSG00000167325,0.0
ENSG00000167468,0.0
ENSG00000167483,0.0
ENSG00000167526,0.0
ENSG00000167615,0.0
ENSG00000167645,0.0
ENSG00000167658,0.0
ENSG00000065809,0.0
ENSG00000166313,0.0
ENSG00000166326,0.0
ENSG00000166411,0.0
ENSG00000166478,0.0
ENSG00000166797,0.0
ENSG00000166825,0.0
ENSG00000166831,0.0
ENSG00000167967,0.0
ENSG00000066044,0.0
ENSG00000168014,0.0
ENSG00000066136,0.0
ENSG00000168175,0.0
ENSG00000168234,0.0
ENSG00000168288,0.0
ENSG00000168300,0.0
ENSG00000168303,0.0
ENSG00000066336,0.0
ENSG00000166974,0.0
ENSG00000166986,0.0
ENSG00000066379,0.0
ENSG00000167100,0.0
ENSG00000167106,0.0
ENSG00000167202,0.0
ENSG00000177628,0.0
ENSG00000177663,0.0
ENSG00000070785,0.0
ENSG00000177917,0.0
ENSG00000178035,0.0
ENSG00000178105,0.0
ENSG00000070814,0.0
ENSG00000178691,0.0
ENSG00000178952,0.0
ENSG00000178971,0.0
ENSG00000070831,0.0
ENSG00000179115,0.0
ENSG00000167671,0.0
ENSG00000070882,0.0
ENSG00000167851,0.0
ENSG00000167881,0.0
ENSG00000169718,0.0
ENSG00000169727,0.0
ENSG00000169762,0.0
ENSG00000168421,0.0
ENSG00000168439,0.0
ENSG00000071189,0.0
ENSG00000168564,0.0
ENSG00000168685,0.0
ENSG00000168734,0.0
ENSG00000168918,0.0
ENSG00000071564,0.0
ENSG00000168961,0.0
ENSG00000169019,0.0
ENSG00000169032,0.0
ENSG00000169100,0.0
ENSG00000169139,0.0
ENSG00000170542,0.0
ENSG00000170581,0.0
ENSG00000170606,0.0
ENSG00000170638,0.0
ENSG00000170852,0.0
ENSG00000169189,0.0
ENSG00000169217,0.0
ENSG00000169220,0.0
ENSG00000169251,0.0
ENSG00000169299,0.0
ENSG00000169313,0.0
ENSG00000072864,0.0
ENSG00000169490,0.0
ENSG00000169504,0.0
ENSG00000169554,0.0
ENSG00000169714,0.0
ENSG00000171314,0.0
ENSG00000171476,0.0
ENSG00000171490,0.0
ENSG00000171566,0.0
ENSG00000067066,0.0
ENSG00000171604,0.0
ENSG00000171608,0.0
ENSG00000067365,0.0
ENSG00000169862,0.0
ENSG00000169896,0.0
ENSG00000170043,0.0
ENSG00000170248,0.0
ENSG00000170291,0.0
ENSG00000170365,0.0
ENSG00000170445,0.0
ENSG00000170515,0.0
ENSG00000171960,0.0
ENSG00000172009,0.0
ENSG00000172081,0.0
ENSG00000172086,0.0
ENSG00000172164,0.0
ENSG00000172172,0.0
ENSG00000172175,0.0
ENSG00000172239,0.0
ENSG00000172269,0.0
ENSG00000172270,0.0
ENSG00000067836,0.0
ENSG00000171033,0.0
ENSG00000171161,0.0
ENSG00000171204,0.0
ENSG00000171206,0.0
ENSG00000171298,0.0
ENSG00000173145,0.0
ENSG00000173221,0.0
ENSG00000176390,0.0
ENSG00000176393,0.0
ENSG00000176476,0.0
ENSG00000176715,0.0
ENSG00000068079,0.0
ENSG00000068366,0.0
ENSG00000177054,0.0
ENSG00000177156,0.0
ENSG00000177239,0.0
ENSG00000177556,0.0
ENSG00000171700,0.0
ENSG00000171824,0.0
ENSG00000171862,0.0
ENSG00000171928,0.0
ENSG00000073969,0.0
ENSG00000074201,0.0
ENSG00000174842,0.0
ENSG00000172322,0.0
ENSG00000172432,0.0
ENSG00000074416,0.0
ENSG00000172575,0.0
ENSG00000172590,0.0
ENSG00000172661,0.0
ENSG00000172673,0.0
ENSG00000172757,0.0
ENSG00000074964,0.0
ENSG00000172943,0.0
ENSG00000173020,0.0
ENSG00000173039,0.0
ENSG00000173083,0.0
ENSG00000175746,0.0
ENSG00000175984,0.0
ENSG00000176018,0.0
ENSG00000176095,0.0
ENSG00000173226,0.0
ENSG00000173409,0.0
ENSG00000074966,0.0
ENSG00000173812,0.0
ENSG00000173848,0.0
ENSG00000174231,0.0
ENSG00000174243,0.0
ENSG00000174547,0.0
ENSG00000174606,0.0
ENSG00000174738,0.0
ENSG00000174748,0.0
ENSG00000174780,0.0
ENSG00000271605,0.0
ENSG00000274523,0.0
ENSG00000075188,0.0
ENSG00000275066,0.0
ENSG00000275700,0.0
ENSG00000276550,0.0
ENSG00000277734,0.0
ENSG00000277791,0.0
ENSG00000075415,0.0
ENSG00000004478,0.0
ENSG00000174851,0.0
ENSG00000075785,0.0
ENSG00000174917,0.0
ENSG00000175110,0.0
ENSG00000175354,0.0
ENSG00000288701,0.0
ENSG00000075856,0.0
ENSG00000004766,0.0
ENSG00000005007,0.0
ENSG00000005022,0.0
ENSG00000005059,0.0
ENSG00000005175,0.0
ENSG00000005194,0.0
ENSG00000075884,0.0
ENSG00000005448,0.0
ENSG00000005889,0.0
ENSG00000006282,0.0
ENSG00000006530,0.0
ENSG00000069702,0.0
ENSG00000006712,0.0
ENSG00000270647,0.0
ENSG00000000457,0.0
ENSG00000196154,-6.827607471144373e-05
ENSG00000163738,-0.00014741570979474303
ENSG00000130592,-0.0005174996374184376
ENSG00000165669,-0.0005303604150001637
ENSG00000139613,-0.0007912424318741261
ENSG00000035687,-0.0009300775717096554
ENSG00000138834,-0.0009660398324998123
ENSG00000103313,-0.0012153907045623527
ENSG00000000938,-0.0012682015271008914
ENSG00000110871,-0.0013703816896373925
ENSG00000119314,-0.0015347463955963305
ENSG00000005961,-0.0015627480580428087
ENSG00000136573,-0.001910638005798629
ENSG00000144566,-0.002054356392721513
ENSG00000198502,-0.0020962636034665555
ENSG00000060491,-0.002313496376585578
ENSG00000108604,-0.0023188091811181394
ENSG00000114742,-0.0025343641466524466
ENSG00000105643,-0.0028660715183702213
ENSG00000175390,-0.0031873526532777254
ENSG00000227191,-0.003205950471667366
ENSG00000136478,-0.0032328922949571
ENSG00000175895,-0.003270774201826481
ENSG00000136874,-0.0033363545824535968
ENSG00000125107,-0.003455570825845643
ENSG00000139436,-0.003769223404075649
ENSG00000119541,-0.004208301459379327
ENSG00000117586,-0.004323037395980631
ENSG00000103254,-0.004463778223401451
ENSG00000161791,-0.00449752323977518
ENSG00000179344,-0.004713645697607193
ENSG00000146833,-0.00475502144153069
ENSG00000112561,-0.004874909780718711
ENSG00000275713,-0.004996920034013505
ENSG00000196865,-0.005338338062261513
ENSG00000164924,-0.005383083431950104
ENSG00000139597,-0.005393883614657409
ENSG00000140525,-0.005415815271385714
ENSG00000110880,-0.005471507022303252
ENSG00000143995,-0.005657681957533629
ENSG00000223865,-0.005745113898861208
ENSG00000079739,-0.005817298369070739
ENSG00000111196,-0.006023684330656808
ENSG00000119977,-0.006824580241232167
ENSG00000156642,-0.0070807212953223385
ENSG00000087470,-0.007196878633314571
ENSG00000227507,-0.007226013844854645
ENSG00000181804,-0.007238027528270495
ENSG00000211689,-0.007560333185310996
ENSG00000115053,-0.007595321810518534
ENSG00000090863,-0.007788063089831758
ENSG00000101224,-0.007891675859428415
ENSG00000134330,-0.0082600628938872
ENSG00000127314,-0.008289295560311749
ENSG00000106610,-0.008391495889458079
ENSG00000113638,-0.008666862321913974
ENSG00000179271,-0.008758073094424756
ENSG00000071537,-0.008883469995624902
ENSG00000111845,-0.009015806133943583
ENSG00000198492,-0.009079549095453903
ENSG00000164080,-0.009134679848118733
ENSG00000132294,-0.00930967419589192
ENSG00000143252,-0.00945145363769612
ENSG00000171307,-0.009479283729089388
ENSG00000088448,-0.009541999216433974
ENSG00000102871,-0.009808566217530741
ENSG00000187522,-0.009941300822797617
ENSG00000114850,-0.009990437186544219
ENSG00000205629,-0.010077794708105948
ENSG00000168275,-0.010167384292803151
ENSG00000085491,-0.01080122328046801
ENSG00000248373,-0.010925968755245203
ENSG00000113282,-0.010976663839573981
ENSG00000100726,-0.011517051458666524
ENSG00000169398,-0.011805039461422409
ENSG00000065911,-0.012205117152374687
ENSG00000108479,-0.012235241479830444
ENSG00000011258,-0.012495440607904787
ENSG00000111596,-0.012726219950915616
ENSG00000143575,-0.012942090141946248
ENSG00000116459,-0.01295760594798392
ENSG00000049759,-0.013041177832899568
ENSG00000161202,-0.01313733898096076
ENSG00000175348,-0.013281998002778381
ENSG00000100554,-0.01420222428684044
ENSG00000099821,-0.01488874970082068
ENSG00000037637,-0.014958502184309764
ENSG00000237499,-0.015419366766383209
ENSG00000139842,-0.016072246939792072
ENSG00000128050,-0.01627949664385185
ENSG00000149357,-0.016602181334514694
ENSG00000166167,-0.01710925255509635
ENSG00000134146,-0.01718634281146125
ENSG00000104825,-0.017207849622733282
ENSG00000066926,-0.017361612794708704
ENSG00000125746,-0.017428841908052252
ENSG00000075234,-0.017435114040757763
ENSG00000198478,-0.01746713391181147
ENSG00000155906,-0.017786790445177763
ENSG00000076242,-0.01786788359223309
ENSG00000152520,-0.018310476390926766
ENSG00000198373,-0.019567035842073942
ENSG00000254717,-0.01972001252219911
ENSG00000113369,-0.0204159635839663
ENSG00000140350,-0.020463151590521544
ENSG00000120708,-0.02054668885542454
ENSG00000132356,-0.02095674827684304
ENSG00000198937,-0.021325653204470357
ENSG00000198836,-0.02169689252131377
ENSG00000142669,-0.02182805663311802
ENSG00000181722,-0.022174377511672998
ENSG00000136286,-0.022296320640517026
ENSG00000186517,-0.022417879170794436
ENSG00000116489,-0.02255005708347652
ENSG00000108448,-0.022558237058492858
ENSG00000138835,-0.02260512982685088
ENSG00000176619,-0.022832045072538547
ENSG00000183576,-0.022893059958793895
ENSG00000160856,-0.02290299189729108
ENSG00000140740,-0.023050456798004965
ENSG00000147650,-0.023148347994748495
ENSG00000125124,-0.023154373291577438
ENSG00000145214,-0.02352452304469378
ENSG00000025772,-0.02431745294869637
ENSG00000058453,-0.02483959964744421
ENSG00000198265,-0.02493514461974876
ENSG00000155097,-0.025023331654251413
ENSG00000106351,-0.02535577786626962
ENSG00000132383,-0.025512965020682444
ENSG00000204287,-0.02586425761501413
ENSG00000105516,-0.02634252287157298
ENSG00000197451,-0.02634859635806286
ENSG00000135916,-0.026719158683729698
ENSG00000008130,-0.02699874336869641
ENSG00000064601,-0.027625589452180976
ENSG00000100129,-0.028166286199835217
ENSG00000133657,-0.0281937820800555
ENSG00000196735,-0.028194737842808255
ENSG00000211829,-0.028229903488029513
ENSG00000169813,-0.02848527973919475
ENSG00000179454,-0.029142366149732722
ENSG00000170471,-0.029524189851915014
ENSG00000266356,-0.029570052321734992
ENSG00000151748,-0.029697643054318407
ENSG00000163510,-0.030417419285543597
ENSG00000135535,-0.030511032358907585
ENSG00000150867,-0.03068600840161716
ENSG00000147133,-0.030899255785562615
ENSG00000227355,-0.03108901927642504
ENSG00000079805,-0.03135361045505623
ENSG00000130770,-0.031496575946031516
ENSG00000158201,-0.03161973551021808
ENSG00000111361,-0.03163446311401193
ENSG00000144401,-0.03168433235351544
ENSG00000178149,-0.03226440145446149
ENSG00000178057,-0.03226647480237765
ENSG00000110446,-0.0323678584792964
ENSG00000125505,-0.03241840369269572
ENSG00000163932,-0.033530113408234544
ENSG00000103194,-0.03368039332996023
ENSG00000177189,-0.03373705738637352
ENSG00000116604,-0.033930416412895806
ENSG00000007376,-0.03397772549568887
ENSG00000160075,-0.03411521996337134
ENSG00000158863,-0.034611594531907625
ENSG00000156170,-0.0347482711686297
ENSG00000163131,-0.034828162434512755
ENSG00000134516,-0.03485610838729599
ENSG00000141646,-0.03526844571961996
ENSG00000183690,-0.035653329831628985
ENSG00000111231,-0.036077906570648396
ENSG00000164291,-0.03624566073268935
ENSG00000203747,-0.03662486537252628
ENSG00000168497,-0.03665774387294027
ENSG00000176853,-0.03672019223798982
ENSG00000122678,-0.036854000084494326
ENSG00000169609,-0.03708492272595271
ENSG00000145730,-0.037273199795921134
ENSG00000172116,-0.037403460544315495
ENSG00000145287,-0.037716872916362366
ENSG00000117054,-0.03776661972359408
ENSG00000136710,-0.03777926924805506
ENSG00000067704,-0.03813185145712301
ENSG00000102572,-0.039056301750529224
ENSG00000121552,-0.03941067734579746
ENSG00000009413,-0.03960134966028677
ENSG00000175198,-0.039763347091214124
ENSG00000233822,-0.039838569084046906
ENSG00000080371,-0.040007201354200835
ENSG00000053770,-0.04041631265443568
ENSG00000120137,-0.040450876614861866
ENSG00000186283,-0.04079603729431712
ENSG00000105122,-0.04111779422463171
ENSG00000128789,-0.04152842125762508
ENSG00000108094,-0.042106350158631865
ENSG00000198815,-0.042565614489553406
ENSG00000100055,-0.04296893291386768
ENSG00000110955,-0.043127279606145486
ENSG00000128513,-0.04470399079108812
ENSG00000137074,-0.04520377088323563
ENSG00000244482,-0.04533361004650351
ENSG00000010256,-0.04616467762752428
ENSG00000141424,-0.04620475333417593
ENSG00000155158,-0.04701519600328617
ENSG00000053501,-0.04789505049030189
ENSG00000173540,-0.047912461163991796
ENSG00000178104,-0.0481981835899726
ENSG00000198791,-0.04840683904658055
ENSG00000175061,-0.04943109411732812
ENSG00000161642,-0.04994825724274569
ENSG00000141556,-0.05024283678374391
ENSG00000229754,-0.05108826048330765
ENSG00000112118,-0.05125075724522589
ENSG00000177595,-0.05197548243963392
ENSG00000166483,-0.05250506748138484
ENSG00000100311,-0.05253925621321806
ENSG00000137845,-0.053077986529015644
ENSG00000197971,-0.05323928923597912
ENSG00000168765,-0.05325933055890234
ENSG00000160111,-0.05377863873575781
ENSG00000176454,-0.05390286294418759
ENSG00000165322,-0.05437338207594777
ENSG00000148498,-0.0543841667865359
ENSG00000121749,-0.05494190666474462
ENSG00000117155,-0.05525471219302391
ENSG00000144827,-0.05541713935332065
ENSG00000141971,-0.05639810817793204
ENSG00000166508,-0.056776175121728695
ENSG00000104904,-0.05697316701069454
ENSG00000132405,-0.0580980603264379
ENSG00000147687,-0.05820063904192054
ENSG00000111652,-0.05871077575766171
ENSG00000156471,-0.05945334633108424
ENSG00000132792,-0.05953767989306604
ENSG00000104856,-0.060002673602839784
ENSG00000205758,-0.06051780223522349
ENSG00000153066,-0.06061060858212621
ENSG00000159692,-0.06152946082826319
ENSG00000178950,-0.061688041100155015
ENSG00000163171,-0.06273147115441816
ENSG00000189308,-0.06309922207148291
ENSG00000091483,-0.0632786173879855
ENSG00000138674,-0.06339806633129325
ENSG00000067596,-0.06453229848892408
ENSG00000138801,-0.06466545719571168
ENSG00000012779,-0.06470209024656401
ENSG00000198860,-0.06535267456734625
ENSG00000147853,-0.06715936313484837
ENSG00000113924,-0.06835206422168483
ENSG00000158290,-0.06862135102874303
ENSG00000115525,-0.06880666635195412
ENSG00000144677,-0.0690636823356729
ENSG00000130479,-0.06930574125626635
ENSG00000102760,-0.06945837275917253
ENSG00000163568,-0.0698259130427361
ENSG00000286369,-0.07010405328127121
ENSG00000161551,-0.0707762581060068
ENSG00000004700,-0.07091758829712907
ENSG00000114686,-0.07113557921453827
ENSG00000170006,-0.07252012644450695
ENSG00000108443,-0.07280248867402396
ENSG00000160326,-0.07281806786658711
ENSG00000180817,-0.07291979851186883
ENSG00000141293,-0.07354144130235922
ENSG00000156958,-0.07361104232490523
ENSG00000115419,-0.0741112839021586
ENSG00000138380,-0.07521608210497588
ENSG00000232788,-0.0754182060987313
ENSG00000064225,-0.07590140991331196
ENSG00000185507,-0.07597277430581945
ENSG00000247345,-0.07660194445618933
ENSG00000127870,-0.07770597346090602
ENSG00000168405,-0.07821636290507519
ENSG00000267023,-0.07830279119503741
ENSG00000136717,-0.08052316000022978
ENSG00000162144,-0.08106722012645598
ENSG00000136878,-0.08155091234635908
ENSG00000101162,-0.0819409128250102
ENSG00000271503,-0.08443166519108858
ENSG00000137075,-0.08485823225372546
ENSG00000126773,-0.08488488610445655
ENSG00000151247,-0.08585841885863019
ENSG00000196591,-0.08674424822980747
ENSG00000120159,-0.08697795620616862
ENSG00000120685,-0.08751752573357797
ENSG00000105829,-0.08762949304781695
ENSG00000110074,-0.08901028632547646
ENSG00000116679,-0.0890676809026883
ENSG00000015676,-0.08979528775449971
ENSG00000100023,-0.09085767539549841
ENSG00000134871,-0.09145163894018281
ENSG00000129757,-0.09188418821602246
ENSG00000124228,-0.09341608656091067
ENSG00000152256,-0.09593893329468756
ENSG00000111711,-0.09826952426749606
ENSG00000137414,-0.09969957169911045
ENSG00000108010,-0.09998760830051631
ENSG00000015475,-0.1002968906115524
ENSG00000001036,-0.1005350920797492
ENSG00000171067,-0.10115062578514444
ENSG00000105953,-0.1011784674975902
ENSG00000175582,-0.10291369531472182
ENSG00000100412,-0.10340377328937034
ENSG00000162642,-0.10569359864423206
ENSG00000181192,-0.10638435912575367
ENSG00000130764,-0.10716816244724241
ENSG00000172115,-0.10835558753136539
ENSG00000260661,-0.10841220822290358
ENSG00000131828,-0.11158423899287975
ENSG00000091409,-0.11202403919475475
ENSG00000065154,-0.11277396845458051
ENSG00000110002,-0.11403220646946632
ENSG00000163913,-0.11479677389129786
ENSG00000115966,-0.11492241799059136
ENSG00000160145,-0.11770220001911738
ENSG00000135070,-0.11815581560738256
ENSG00000133789,-0.11821632802329417
ENSG00000158793,-0.11888588452118637
ENSG00000153064,-0.11917880598213526
ENSG00000223553,-0.12001231503510908
ENSG00000128487,-0.123549570592981
ENSG00000075089,-0.12432607049028559
ENSG00000103126,-0.12659921257645412
ENSG00000142856,-0.12909297801683212
ENSG00000116675,-0.1299613192234606
ENSG00000180879,-0.13061296236912448
ENSG00000122591,-0.1321661444311604
ENSG00000179761,-0.132516416939356
ENSG00000181751,-0.1340714097883481
ENSG00000146192,-0.13698191972548157
ENSG00000211935,-0.1378425537208735
ENSG00000182952,-0.13797341559656526
ENSG00000101442,-0.1380553579905176
ENSG00000183955,-0.1383764457406378
ENSG00000158481,-0.13898929041837374
ENSG00000145349,-0.13901256842930385
ENSG00000163121,-0.14179237544702133
ENSG00000167555,-0.14430313512240955
ENSG00000168159,-0.1446358330374044
ENSG00000100804,-0.14534592384629497
ENSG00000216863,-0.14984916750865776
ENSG00000110108,-0.14987898857486476
ENSG00000266412,-0.15357402001639017
ENSG00000236304,-0.15475650995612744
ENSG00000167393,-0.1576154599114131
ENSG00000165934,-0.15860370883520325
ENSG00000102763,-0.16000316665616926
ENSG00000184207,-0.16092161237466837
ENSG00000244734,-0.163285671330856
ENSG00000139372,-0.1672317403489453
ENSG00000238201,-0.17074765998364203
ENSG00000233099,-0.17602057120019024
ENSG00000177410,-0.1818653898068962
ENSG00000283403,-0.1842226634528347
ENSG00000173218,-0.18980136648671697
ENSG00000166428,-0.19012821308572306
ENSG00000117281,-0.20205903199535374
ENSG00000134278,-0.2083059628930066
ENSG00000166035,-0.28843755911194124
